actor,Movie
최민식,명량
류승룡,명량
조진웅,명량
김명곤,명량
이승준,명량
최덕문,명량
김민석,명량
한성용,명량
이승준,명량
류승룡,극한직업
이하늬,극한직업
김의성,극한직업
이동용,극한직업
권지훈,극한직업
이하늬,극한직업
정인기,극한직업
김지영,극한직업
하정우,신과함께: 죄와 벌
차태현,신과함께: 죄와 벌
주지훈,신과함께: 죄와 벌
김향기,신과함께: 죄와 벌
김동욱,신과함께: 죄와 벌
오달수,신과함께: 죄와 벌
임원희,신과함께: 죄와 벌
이준혁,신과함께: 죄와 벌
예수정,신과함께: 죄와 벌
장광,신과함께: 죄와 벌
마동석,신과함께: 죄와 벌
이정재,신과함께: 죄와 벌
김해숙,신과함께: 죄와 벌
이경영,신과함께: 죄와 벌
김태준,신과함께: 죄와 벌
박성민,신과함께: 죄와 벌
염시훈,신과함께: 죄와 벌
이승준,신과함께: 죄와 벌
이우주,신과함께: 죄와 벌
유재훈,신과함께: 죄와 벌
이상경,신과함께: 죄와 벌
윤성찬,신과함께: 죄와 벌
유재훈,신과함께: 죄와 벌
이상경,신과함께: 죄와 벌
황정민,국제시장
오달수,국제시장
정진영,국제시장
김민재,국제시장
최재섭,국제시장
황인준,국제시장
박영수,국제시장
염시훈,국제시장
정재민,국제시장
정기섭,국제시장
손영순,국제시장
박성민,국제시장
박혜진,국제시장
박진수,국제시장
이진희,국제시장
김지영,국제시장
김현숙,국제시장
박길수,국제시장
황인준,국제시장
박혜진,국제시장
황정민,베테랑
유해진,베테랑
오달수,베테랑
김민재,베테랑
박소담,베테랑
김서원,베테랑
권지훈,베테랑
이동용,베테랑
김지수,베테랑
마동석,베테랑
송강호,괴물
정인기,괴물
손영순,괴물
이동용,괴물
김대근,괴물
최교식,괴물
오달수,괴물
이정재,도둑들
전지현,도둑들
김해숙,도둑들
오달수,도둑들
최덕문,도둑들
예수정,도둑들
김강우,도둑들
홍원기,도둑들
이주원,도둑들
류승룡,7번방의 선물
정진영,7번방의 선물
오달수,7번방의 선물
박길수,7번방의 선물
한성용,7번방의 선물
김현숙,7번방의 선물
정재민,7번방의 선물
김대영,7번방의 선물
전지현,암살
이정재,암살
하정우,암살
오달수,암살
조진웅,암살
이경영,암살
최덕문,암살
김의성,암살
김강우,암살
정기섭,암살
홍원기,암살
김해숙,암살
김서원,암살
김태준,암살
염시훈,암살
이병헌,"광해,왕이 된 남자"
류승룡,"광해,왕이 된 남자"
장광,"광해,왕이 된 남자"
이준혁,"광해,왕이 된 남자"
최교식,"광해,왕이 된 남자"
홍원기,"광해,왕이 된 남자"
한성용,"광해,왕이 된 남자"
김지영,"광해,왕이 된 남자"
김지수,"광해,왕이 된 남자"
김명곤,"광해,왕이 된 남자"
감우성,왕의 남자
정진영,왕의 남자
이준기,왕의 남자
유해진,왕의 남자
정석용,왕의 남자
박영수,왕의 남자
하정우,신과함께: 인과 연
주지훈,신과함께: 인과 연
김향기,신과함께: 인과 연
마동석,신과함께: 인과 연
김동욱,신과함께: 인과 연
임원희,신과함께: 인과 연
이준혁,신과함께: 인과 연
장광,신과함께: 인과 연
이정재,신과함께: 인과 연
이경영,신과함께: 인과 연
김명곤,신과함께: 인과 연
예수정,신과함께: 인과 연
김태준,신과함께: 인과 연
이우주,신과함께: 인과 연
윤성찬,신과함께: 인과 연
전승재,신과함께: 인과 연
정진영,신과함께: 인과 연
김대현,신과함께: 인과 연
이준혁,신과함께: 인과 연
김대근,신과함께: 인과 연
이우주,신과함께: 인과 연
윤성찬,신과함께: 인과 연
김민석,신과함께: 인과 연
송강호,택시운전사
유해진,택시운전사
최귀화,택시운전사
이정은,택시운전사
김대현,택시운전사
한성용,택시운전사
최재섭,택시운전사
김현숙,택시운전사
정진영,택시운전사
정석용,택시운전사
장동건,태극기 휘날리며
박길수,태극기 휘날리며
최민식,태극기 휘날리며
김대영,태극기 휘날리며
정기섭,태극기 휘날리며
주명철,태극기 휘날리며
전승재,태극기 휘날리며
최교식,태극기 휘날리며
이주원,태극기 휘날리며
공유,부산행
정유미,부산행
마동석,부산행
김의성,부산행
최우식,부산행
예수정,부산행
최귀화,부산행
정석용,부산행
김민석,부산행
박성민,부산행
김형석,부산행
박혜진,부산행
김대영,부산행
김대현,부산행
유재훈,부산행
염시훈,부산행
설경구,해운대
김지영,해운대
최재섭,해운대
김형석,해운대
박진수,해운대
손영순,해운대
박영수,해운대
황인준,해운대
전승재,해운대
주명철,해운대
마동석,범죄도시3
이준혁,범죄도시3
김민재,범죄도시3
이진희,범죄도시3
김지수,범죄도시3
송강호,변호인
오달수,변호인
주명철,변호인
이정은,변호인
이진희,변호인
정재민,변호인
김형석,변호인
이준기,변호인
설경구,실미도
임원희,실미도
김강우,실미도
박진수,실미도
정유미,실미도
마동석,범죄도시2
최귀화,범죄도시2
이주원,범죄도시2
권지훈,범죄도시2
김서원,범죄도시2
김대근,범죄도시2
정인기,범죄도시2
송강호,기생충
최우식,기생충
박소담,기생충
이정은,기생충
이동용,기생충
이상경,기생충