title_id,actor
1,Ryu Seung-ryong
2,Ryu Seung-ryong
3,Ha Jung-woo
3,Ju Ji-hoon
3,Kim Hyang-gi
3,Kim Dong-wook
4,Hwang Jung-min
4,Oh Dal-su
4,Jung Jin-young
5,Hwang Jung-min
5,Yu Hae-jin
5,Oh Dal-su
6,Song Kang-ho
7,Lee Jung-jae
7,Jun Ji-hyun
7,Oh Dal-su
8,Ryu Seung-ryong
8,Jung Jin-young
8,Oh Dal-su
9,Jun Ji-hyun
9,Lee Jung-jae
9,Ha Jung-woo
10,Ryu Seung-ryong
11,Jung Jin-young
12,Ha Jung-woo
12,Ju Ji-hoon
12,Kim Hyang-gi
12,Ma Dong-seok
12,Kim Dong-wook
13,Song Kang-ho
13,Yu Hae-jin
14,Ma Dong-seok
14,Choi Woo-shik
15,Sul Kyung-gu
16,Song Kang-ho
16,Oh Dal-su
17,Sul Kyung-gu
18,Song Kang-ho
18,Choi Woo-shik
19,Ma Dong-seok
20,Ma Dong-seok
